{
  "resturants": [
    {
      "name":"Besh Qozon",
      "rating" : 4.5,
      "image": "https://images.unsplash.com/photo-1603133872878-684f208fb84b?w=500",
      "description": "Besh ta qozond aosh qilamiz",
      "location": "Toshkent, Uzbekiston",
      "phone_number" : "+998 93 217 29 12",
      "menu" : [
        {
          "name": "Toy oshi",
          "price": "45.000",
          "image": "https://images.unsplash.com/photo-1596797038530-2c107229654b?w=400"
        },
        {
          "name": "Zigir oshi",
          "price": "50.000",
          "image": "https://images.unsplash.com/photo-1645177628172-a94c1f96e6db?w=400"
        }
      ]
    },
    {
      "name":"Fayz",
      "rating" : 4.5,
      "image": "https://images.unsplash.com/photo-1517248135467-4c7edcad34c4?w=500",
      "description": "Osh yegan kishining manzili",
      "location": "Toshkent, Uzbekiston",
      "phone_number" : "+998 93 222 12 12",
      "menu" : [
        {
          "name": "Shashlik oshi",
          "price": "12.000",
          "image": "https://images.unsplash.com/photo-1529042410759-befb1204b468?w=400"
        },
        {
          "name": "Mastava",
          "price": "20.000",
          "image": "https://images.unsplash.com/photo-1547592166-23ac45744acd?w=400"
        }
      ]
    },
    {
      "name":"Osh Markazi",
      "rating" : 4.8,
      "image": "https://images.unsplash.com/photo-1552566626-52f8b828add9?w=500",
      "description": "Eng mazali milliy taomlar",
      "location": "Samarqand, Uzbekiston",
      "phone_number" : "+998 66 234 56 78",
      "menu" : [
        {
          "name": "Samarqand oshi",
          "price": "35.000",
          "image": "https://images.unsplash.com/photo-1585937421612-70a008356fbe?w=400"
        },
        {
          "name": "Dimlama",
          "price": "40.000",
          "image": "https://images.unsplash.com/photo-1574484284002-952d92456975?w=400"
        }
      ]
    },
    {
      "name":"Choyhona",
      "rating" : 4.2,
      "image": "https://images.unsplash.com/photo-1555396273-367ea4eb4db5?w=500",
      "description": "O'zbek milliy taomlari va issiq choy",
      "location": "Buxoro, Uzbekiston",
      "phone_number" : "+998 65 123 45 67",
      "menu" : [
        {
          "name": "Norin",
          "price": "25.000",
          "image": "https://images.unsplash.com/photo-1563379091339-03b21ab4a4f8?w=400"
        },
        {
          "name": "Shurva",
          "price": "18.000",
          "image": "https://images.unsplash.com/photo-1547592180-85f173990554?w=400"
        }
      ]
    },
    {
      "name":"Milliy Taomlar",
      "rating" : 4.6,
      "image": "https://images.unsplash.com/photo-1504674900247-0877df9cc836?w=500",
      "description": "Har xil milliy taomlar assortimenti",
      "location": "Andijon, Uzbekiston",
      "phone_number" : "+998 74 345 67 89",
      "menu" : [
        {
          "name": "Kovurma oshi",
          "price": "38.000",
          "image": "https://images.unsplash.com/photo-1512621776951-a57141f2eefd?w=400"
        },
        {
          "name": "Qovurma lag'mon",
          "price": "28.000",
          "image": "https://images.unsplash.com/photo-1569718212165-3a8278d5f624?w=400"
        }
      ]
    },
    {
      "name":"Saroy",
      "rating" : 4.9,
      "image": "https://images.unsplash.com/photo-1550966871-3ed3cdb5ed0c?w=500",
      "description": "Premium o'zbek oshxonasi",
      "location": "Toshkent, Chilonzor",
      "phone_number" : "+998 91 456 78 90",
      "menu" : [
        {
          "name": "Devzira oshi",
          "price": "55.000",
          "image": "https://images.unsplash.com/photo-1596797038530-2c107229654b?w=400"
        },
        {
          "name": "Qazi-karta",
          "price": "65.000",
          "image": "https://images.unsplash.com/photo-1544025162-d76694265947?w=400"
        }
      ]
    },
    {
      "name":"Osh Malikasi",
      "rating" : 4.3,
      "image": "https://images.unsplash.com/photo-1414235077428-338989a2e8c0?w=500",
      "description": "Ayollar tayyorlagan mazali oshlar",
      "location": "Farg'ona, Uzbekiston",
      "phone_number" : "+998 73 567 89 01",
      "menu" : [
        {
          "name": "Farg'ona oshi",
          "price": "32.000",
          "image": "https://images.unsplash.com/photo-1516714435131-44d6b64dc6a2?w=400"
        },
        {
          "name": "Qaynatma",
          "price": "22.000",
          "image": "https://images.unsplash.com/photo-1547592166-23ac45744acd?w=400"
        }
      ]
    },
    {
      "name":"Qo'qon Oshi",
      "rating" : 4.7,
      "image": "https://images.unsplash.com/photo-1559339352-11d035aa65de?w=500",
      "description": "Qo'qon uslubida tayyorlangan oshlar",
      "location": "Qo'qon, Uzbekiston",
      "phone_number" : "+998 73 678 90 12",
      "menu" : [
        {
          "name": "Qo'qon oshi",
          "price": "42.000",
          "image": "https://images.unsplash.com/photo-1596797038530-2c107229654b?w=400"
        },
        {
          "name": "Lag'mon",
          "price": "26.000",
          "image": "https://images.unsplash.com/photo-1582878826629-29b7ad1cdc43?w=400"
        }
      ]
    },
    {
      "name":"Xorazm Taom",
      "rating" : 4.4,
      "image": "https://images.unsplash.com/photo-1466978913421-dad2ebd01d17?w=500",
      "description": "Xorazm mintaqasining o'ziga xos taomlari",
      "location": "Urganch, Uzbekiston",
      "phone_number" : "+998 62 789 01 23",
      "menu" : [
        {
          "name": "Tukhum barak",
          "price": "30.000",
          "image": "https://images.unsplash.com/photo-1534422298391-e4f8c172dddb?w=400"
        },
        {
          "name": "Shivit oshi",
          "price": "24.000",
          "image": "https://images.unsplash.com/photo-1612929633738-8fe44f7ec841?w=400"
        }
      ]
    },
    {
      "name":"Milliy Dastarxon",
      "rating" : 4.6,
      "image": "https://images.unsplash.com/photo-1590846406792-0adc7f938f1d?w=500",
      "description": "Milliy taomlar va mehmondo'stlik",
      "location": "Namangan, Uzbekiston",
      "phone_number" : "+998 69 890 12 34",
      "menu" : [
        {
          "name": "Chuchvara",
          "price": "15.000",
          "image": "https://images.unsplash.com/photo-1496116218417-1a781b1c416c?w=400"
        },
        {
          "name": "Manti",
          "price": "18.000",
          "image": "https://images.unsplash.com/photo-1534939561126-855b8675edd7?w=400"
        }
      ]
    }
  ]
}